{
  "baseline": 7.141113292163936e-06,
  "silence_threshold": 2.4993896522573775e-05,
  "mic_off_threshold": 3.570556646081968e-07
}