{
  "baseline": 0.0024518889957107605,
  "silence_threshold": 0.008581611484987662,
  "mic_off_threshold": 0.00012259444978553804
}